City_ID,City,Country,Date,Lat,Lng,Max Temp,Humidity,Cloudiness,Wind Speed
0,Vestmannaeyjar,IS,2022-05-16 May:35:50,63.4427,-20.2734,282.66,77,42,9.22
1,Chokurdakh,RU,2022-05-16 May:34:34,70.6333,147.9167,271.62,93,89,2.62
2,Yellowknife,CA,2022-05-16 May:34:25,62.456,-114.3525,285.44,37,75,5.66
3,Hermanus,ZA,2022-05-16 May:35:37,-34.4187,19.2345,292.48,46,90,1.19
4,Sept-Iles,CA,2022-05-16 May:37:39,50.2001,-66.3821,278.74,94,100,4.63
5,Mardin,TR,2022-05-16 May:41:16,37.3131,40.7436,287.32,54,75,2.37
6,Hobart,AU,2022-05-16 May:32:55,-42.8794,147.3294,283.83,74,75,5.66
7,Ponta Do Sol,PT,2022-05-16 May:37:08,32.6667,-17.1,293.55,80,20,2.42
8,Toora-Khem,RU,2022-05-16 May:41:16,52.4675,96.11,285.44,78,98,0.99
9,Scarborough,GB,2022-05-16 May:37:33,54.2797,-0.4044,287.22,91,71,0.89
10,Varzob,TJ,2022-05-16 May:41:17,38.7737,68.8178,287.0,57,14,3.54
11,Fairlie,GB,2022-05-16 May:41:18,55.756,-4.8556,284.94,93,98,4.76
12,Punta Arenas,CL,2022-05-16 May:33:57,-53.15,-70.9167,280.21,81,0,3.6
13,Busselton,AU,2022-05-16 May:35:41,-33.65,115.3333,287.99,65,62,4.67
14,Mataura,NZ,2022-05-16 May:34:26,-46.1927,168.8643,285.64,82,100,1.6
15,Lokosovo,RU,2022-05-16 May:41:18,61.1333,74.8167,284.81,94,100,1.93
16,Plettenberg Bay,ZA,2022-05-16 May:41:19,-34.0527,23.3716,293.55,33,0,3.84
17,Victoria,HK,2022-05-16 May:37:19,22.2855,114.1577,294.4,82,98,3.58
18,Muros,ES,2022-05-16 May:41:19,42.7762,-9.0603,290.42,89,46,7.99
19,Kodiak,US,2022-05-16 May:31:27,57.79,-152.4072,288.88,25,0,5.14
20,San Juan Bautista,PE,2022-05-16 May:41:20,-14.0108,-75.7358,293.92,57,40,1.32
21,Cherskiy,RU,2022-05-16 May:36:12,68.75,161.3,278.64,81,100,5.48
22,Bluff,NZ,2022-05-16 May:34:23,-46.6,168.3333,285.82,81,100,10.98
23,Arraial Do Cabo,BR,2022-05-16 May:35:42,-22.9661,-42.0278,295.54,81,100,3.67
24,Udachnyy,RU,2022-05-16 May:41:21,66.4167,112.4,276.18,74,100,3.02
25,Havoysund,NO,2022-05-16 May:41:21,70.9963,24.6622,275.54,68,100,10.35
26,Khatanga,RU,2022-05-16 May:33:16,71.9667,102.5,273.44,86,98,6.66
27,Phan Thiet,VN,2022-05-16 May:37:33,10.9333,108.1,299.63,85,100,2.26
28,Gat,IL,2022-05-16 May:37:01,31.61,34.7642,293.37,100,100,0.81
29,Caraballeda,VE,2022-05-16 May:41:22,10.6112,-66.8522,301.69,82,75,3.09
30,Knyaze-Volkonskoye,RU,2022-05-16 May:41:22,48.4642,135.4567,287.2,41,92,4.4
31,Pevek,RU,2022-05-16 May:35:48,69.7008,170.3133,273.91,92,100,2.46
32,Airai,TL,2022-05-16 May:41:23,-8.9266,125.4092,292.65,60,10,1.12
33,Port Elizabeth,ZA,2022-05-16 May:38:48,-33.918,25.5701,294.87,77,0,1.54
34,Castro,BR,2022-05-16 May:33:40,-24.7911,-50.0119,281.13,76,3,3.37
35,Port Alfred,ZA,2022-05-16 May:35:47,-33.5906,26.891,294.47,50,0,4.96
36,Dikson,RU,2022-05-16 May:35:52,73.5069,80.5464,273.96,100,100,1.47
37,Qaanaaq,GL,2022-05-16 May:37:03,77.484,-69.3632,266.63,76,45,2.15
38,Rikitea,PF,2022-05-16 May:34:29,-23.1203,-134.9692,298.37,73,16,8.05
39,Nizwa,OM,2022-05-16 May:41:24,22.9333,57.5333,298.33,23,0,0.99
40,Barrow,US,2022-05-16 May:35:47,71.2906,-156.7887,265.16,73,100,5.14
41,Zhuhai,CN,2022-05-16 May:41:24,22.2769,113.5678,293.99,78,40,7.72
42,Provideniya,RU,2022-05-16 May:35:38,64.3833,-173.3,273.35,80,0,2.0
43,Luderitz,NA,2022-05-16 May:37:06,-26.6481,15.1594,296.57,27,2,3.12
44,Fairbanks,US,2022-05-16 May:37:23,64.8378,-147.7164,283.72,59,75,0.51
45,Ushuaia,AR,2022-05-16 May:36:15,-54.8,-68.3,277.96,87,75,7.2
46,Katherine,AU,2022-05-16 May:41:25,-14.4667,132.2667,298.33,57,0,3.6
47,Faanui,PF,2022-05-16 May:32:52,-16.4833,-151.75,299.92,75,88,6.63
48,Lavumisa,SZ,2022-05-16 May:43:09,-27.31,31.892,289.18,96,2,0.68
49,Mount Isa,AU,2022-05-16 May:43:09,-20.7333,139.5,294.02,46,0,4.12
50,Hambantota,LK,2022-05-16 May:34:35,6.1241,81.1185,299.7,85,89,8.38
51,Tuatapere,NZ,2022-05-16 May:34:29,-46.1333,167.6833,285.25,80,100,4.88
52,Male,MV,2022-05-16 May:43:10,4.1748,73.5089,302.12,84,75,11.32
53,Coreau,BR,2022-05-16 May:43:10,-3.5333,-40.6567,296.51,85,84,0.82
54,Nan,TH,2022-05-16 May:43:11,18.8333,100.6667,296.16,94,75,0.0
55,Saldanha,ZA,2022-05-16 May:38:10,-33.0117,17.9442,287.18,52,43,2.11
56,Saint George,US,2022-05-16 May:39:59,37.1041,-113.5841,309.48,6,0,6.69
57,Saskylakh,RU,2022-05-16 May:36:58,71.9167,114.0833,265.54,93,68,2.03
58,Lampazos De Naranjo,MX,2022-05-16 May:43:12,27.0167,-100.5167,310.47,14,9,8.66
59,Hilo,US,2022-05-16 May:34:31,19.7297,-155.09,302.19,82,100,5.14
60,Havelock,US,2022-05-16 May:39:40,34.8791,-76.9013,299.13,82,0,9.26
61,Torbay,CA,2022-05-16 May:30:22,47.6666,-52.7314,280.53,84,100,4.12
62,Murgab,TM,2022-05-16 May:43:12,37.4966,61.9714,293.08,52,0,0.0
63,Georgetown,MY,2022-05-16 May:43:13,5.4112,100.3354,299.11,93,20,1.54
64,Miyako,JP,2022-05-16 May:43:13,39.6367,141.9525,287.62,75,100,2.34
65,Dingle,PH,2022-05-16 May:43:14,10.9995,122.6711,301.32,74,99,0.24
66,Tabou,CI,2022-05-16 May:43:15,4.423,-7.3528,299.5,84,95,2.92
67,San Jose,US,2022-05-16 May:30:56,37.3394,-121.895,298.09,52,75,7.72
68,Nanortalik,GL,2022-05-16 May:43:15,60.1432,-45.2371,276.59,82,99,2.21
69,Itarema,BR,2022-05-16 May:43:15,-2.9248,-39.9167,298.38,85,89,4.64
70,Devils Lake,US,2022-05-16 May:35:13,48.1128,-98.8651,289.79,49,100,4.12
71,Avarua,CK,2022-05-16 May:33:19,-21.2078,-159.775,301.18,69,75,4.12
72,Rocha,UY,2022-05-16 May:43:16,-34.4833,-54.3333,284.64,84,96,9.05
73,Bethel,US,2022-05-16 May:38:11,41.3712,-73.414,292.24,90,75,2.06
74,Honiara,SB,2022-05-16 May:43:17,-9.4333,159.95,303.29,65,52,0.92
75,Jamestown,US,2022-05-16 May:30:34,42.097,-79.2353,289.0,77,75,6.69
76,Lucapa,AO,2022-05-16 May:43:17,-8.4192,20.7447,292.21,62,37,1.46
77,Longyearbyen,SJ,2022-05-16 May:32:55,78.2186,15.6401,271.06,93,75,1.03
78,Brae,GB,2022-05-16 May:43:18,60.3964,-1.353,282.56,90,100,6.23
79,Bambous Virieux,MU,2022-05-16 May:39:42,-20.3428,57.7575,297.29,73,75,5.14
80,San Patricio,US,2022-05-16 May:37:05,28.017,-97.5169,306.23,60,1,6.88
81,Isla Mujeres,MX,2022-05-16 May:43:18,21.2311,-86.731,302.18,65,0,5.98
82,Hervey Bay,AU,2022-05-16 May:35:43,-25.2986,152.8535,297.6,92,7,3.57
83,Carnarvon,AU,2022-05-16 May:35:25,-24.8667,113.6333,294.38,58,0,3.1
84,Domoni,KM,2022-05-16 May:43:19,-12.2569,44.5319,298.42,74,20,2.99
85,Hithadhoo,MV,2022-05-16 May:33:58,-0.6,73.0833,302.14,69,96,8.18
86,Batagay,RU,2022-05-16 May:43:20,67.6333,134.6333,273.4,83,98,0.3
87,Cabo San Lucas,MX,2022-05-16 May:34:46,22.8909,-109.9124,305.76,39,75,5.14
88,Chuy,UY,2022-05-16 May:43:20,-33.6971,-53.4616,284.67,86,70,7.27
89,Talcahuano,CL,2022-05-16 May:43:21,-36.7167,-73.1167,283.97,87,100,2.06
90,Vardo,NO,2022-05-16 May:39:31,70.3705,31.1107,274.14,86,100,5.66
91,Abaca,PH,2022-05-16 May:43:21,9.9204,124.5051,301.35,78,48,4.19
92,Karaton,ID,2022-05-16 May:43:22,-6.3424,106.1045,297.83,92,99,2.05
93,Killybegs,IE,2022-05-16 May:43:22,54.6333,-8.45,285.56,85,92,6.44
94,San Quintin,MX,2022-05-16 May:44:23,30.4833,-115.95,291.37,73,1,7.63
95,Mahebourg,MU,2022-05-16 May:44:23,-20.4081,57.7,297.31,73,75,5.14
96,Bonga,ET,2022-05-16 May:44:24,7.2833,36.2333,288.82,99,74,0.82
97,Charcas,MX,2022-05-16 May:44:24,23.1333,-101.1167,299.69,14,37,6.25
98,Ahipara,NZ,2022-05-16 May:44:24,-35.1667,173.1667,294.02,73,95,5.96
99,Hohhot,CN,2022-05-16 May:44:25,40.8106,111.6522,285.31,24,0,2.0
100,Wajir,KE,2022-05-16 May:44:25,1.7471,40.0573,296.46,74,45,5.09
101,Shingu,JP,2022-05-16 May:44:26,33.7333,135.9833,290.47,79,100,0.93
102,San Rafael,AR,2022-05-16 May:40:39,-34.6177,-68.3301,280.85,42,0,1.95
103,Vaini,TO,2022-05-16 May:44:26,-21.2,-175.2,298.24,65,75,3.09
104,Yar-Sale,RU,2022-05-16 May:44:26,66.8333,70.8333,275.29,99,100,1.4
105,Tuktoyaktuk,CA,2022-05-16 May:44:27,69.4541,-133.0374,274.15,80,100,4.12
106,Prince Rupert,CA,2022-05-16 May:35:57,54.3161,-130.3201,280.2,76,40,12.35
107,La Palma,US,2022-05-16 May:44:27,33.8464,-118.0467,302.49,63,20,6.17
108,Cape Town,ZA,2022-05-16 May:41:16,-33.9258,18.4232,294.21,32,0,4.63
109,Santa Cruz,BO,2022-05-16 May:44:28,-17.8,-63.1667,292.85,55,75,7.72
110,Pangnirtung,CA,2022-05-16 May:44:28,66.1451,-65.7125,268.1,91,33,1.07
111,East London,ZA,2022-05-16 May:44:28,-33.0153,27.9116,293.22,53,0,3.58
112,Grindavik,IS,2022-05-16 May:44:29,63.8424,-22.4338,285.12,66,75,6.69
113,Kapaa,US,2022-05-16 May:44:29,22.0752,-159.319,301.14,78,0,4.12
114,Talnakh,RU,2022-05-16 May:44:30,69.4865,88.3972,275.49,99,100,3.21
115,Ambovombe,MG,2022-05-16 May:44:30,-25.1667,46.0833,293.8,71,1,7.18
116,The Valley,AI,2022-05-16 May:44:30,18.217,-63.0578,300.23,78,20,5.66
117,Yicheng,CN,2022-05-16 May:44:31,31.3705,119.8703,293.95,46,0,2.28
118,Tairua,NZ,2022-05-16 May:44:31,-37.0167,175.85,293.69,75,81,3.67
119,Waipawa,NZ,2022-05-16 May:44:32,-41.4122,175.5153,291.48,75,91,7.93
120,Ukholovo,RU,2022-05-16 May:44:32,53.7929,40.4892,277.66,93,93,4.78
121,Komsomolskiy,UZ,2022-05-16 May:44:32,40.4272,71.7189,290.55,63,68,1.03
122,Puerto Ayora,EC,2022-05-16 May:44:33,-0.7393,-90.3518,296.79,94,82,3.1
123,Krasnyy Chikoy,RU,2022-05-16 May:44:33,50.3643,108.7512,286.78,41,67,1.23
124,Sitka,US,2022-05-16 May:44:33,57.0531,-135.33,282.09,66,100,2.57
125,Narsaq,GL,2022-05-16 May:44:34,60.9167,-46.05,283.27,66,100,1.3
126,Joao Pinheiro,BR,2022-05-16 May:44:35,-17.7425,-46.1725,291.37,87,63,1.6
127,Lorengau,PG,2022-05-16 May:44:35,-2.0226,147.2712,302.39,67,50,3.41
128,Meulaboh,ID,2022-05-16 May:44:35,4.1363,96.1285,298.01,88,95,2.31
129,Nikolskoye,RU,2022-05-16 May:44:36,59.7035,30.7861,281.41,94,100,2.64
130,Yatou,CN,2022-05-16 May:44:36,37.15,122.3833,292.14,56,0,1.23
131,Leningradskiy,RU,2022-05-16 May:44:37,69.3833,178.4167,271.76,88,100,5.78
132,Manokwari,ID,2022-05-16 May:43:05,-0.8667,134.0833,301.67,65,43,2.45
133,Albany,US,2022-05-16 May:42:58,42.6001,-73.9662,290.94,93,81,4.71
134,Kruisfontein,ZA,2022-05-16 May:44:37,-34.0033,24.7314,293.09,29,0,4.93
135,Butaritari,KI,2022-05-16 May:44:38,3.0707,172.7902,301.26,69,79,4.9
136,Vila Do Maio,CV,2022-05-16 May:44:38,15.1333,-23.2167,299.59,89,55,7.32
137,Gornopravdinsk,RU,2022-05-16 May:44:38,60.05,69.9,282.63,94,97,1.38
138,Vestmanna,FO,2022-05-16 May:44:39,62.1564,-7.1664,280.66,76,40,9.26
139,Mulanje,MW,2022-05-16 May:44:39,-16.0316,35.5,289.57,99,56,2.13
140,Bandarbeyla,SO,2022-05-16 May:45:40,9.4942,50.8122,301.21,72,86,9.25
141,Rivers,CA,2022-05-16 May:45:40,50.0308,-100.2403,287.68,58,81,6.26
142,Ouesso,CG,2022-05-16 May:45:40,1.6136,16.0517,295.42,94,68,0.15
143,Vila Velha,BR,2022-05-16 May:42:34,-20.3297,-40.2925,297.12,78,0,0.0
144,Naze,JP,2022-05-16 May:45:41,28.3667,129.4833,290.66,82,100,4.94
145,Aykhal,RU,2022-05-16 May:45:41,66.0,111.5,273.91,93,100,3.57
146,Bredasdorp,ZA,2022-05-16 May:45:42,-34.5322,20.0403,291.49,26,57,2.04
147,Sao Jose Da Coroa Grande,BR,2022-05-16 May:45:42,-8.8978,-35.1478,298.8,87,34,2.54
148,Payo,ID,2022-05-16 May:45:43,-3.7508,103.6372,296.49,96,98,0.43
149,Ribeira Grande,PT,2022-05-16 May:45:43,38.5167,-28.7,287.64,64,48,10.84
150,Vangaindrano,MG,2022-05-16 May:45:43,-23.35,47.6,293.33,81,81,3.53
151,Smolenka,RU,2022-05-16 May:45:44,52.1352,113.4974,284.19,37,79,2.0
152,Salalah,OM,2022-05-16 May:45:44,17.0151,54.0924,301.2,78,20,1.54
153,Los Llanos De Aridane,ES,2022-05-16 May:45:45,28.6585,-17.9182,291.01,84,75,2.06
154,Paris,FR,2022-05-16 May:43:44,48.8534,2.3488,293.77,76,0,2.57
155,Clyde River,CA,2022-05-16 May:42:09,70.4692,-68.5914,271.28,86,20,4.12
156,Oksfjord,NO,2022-05-16 May:45:45,70.2396,22.3479,275.25,88,100,3.66
157,Shangzhi,CN,2022-05-16 May:45:45,45.2167,127.9667,289.97,37,82,7.11
158,Chara,RU,2022-05-16 May:45:46,56.9064,118.2631,277.36,72,56,1.02
159,Sabya,SA,2022-05-16 May:45:46,17.1495,42.6254,300.94,57,0,0.84
160,Kavaratti,IN,2022-05-16 May:42:15,10.5669,72.642,299.94,87,100,7.75
161,New Norfolk,AU,2022-05-16 May:45:47,-42.7826,147.0587,284.22,76,91,2.68
162,Megion,RU,2022-05-16 May:45:47,61.0296,76.1136,285.16,92,100,3.36
163,Cidreira,BR,2022-05-16 May:45:47,-30.1811,-50.2056,285.52,71,36,9.45
164,Cobija,BO,2022-05-16 May:45:48,-11.0267,-68.7692,292.74,93,98,2.04
165,Katsuura,JP,2022-05-16 May:45:48,35.1333,140.3,290.53,82,100,4.59
166,Payakumbuh,ID,2022-05-16 May:45:49,-0.2202,100.6308,295.07,78,100,0.96
167,Kaeo,NZ,2022-05-16 May:45:49,-35.1,173.7833,294.27,71,91,5.11
168,Hamilton,US,2022-05-16 May:45:18,39.1834,-84.5333,297.62,44,40,5.14
169,Faya,SA,2022-05-16 May:45:49,18.3851,42.4509,291.44,10,0,1.94
170,Secovce,SK,2022-05-16 May:45:50,48.7007,21.661,288.53,77,94,1.79
171,Raudeberg,NO,2022-05-16 May:45:50,61.9875,5.1352,283.52,76,0,2.03
172,Mayo,US,2022-05-16 May:45:51,38.8876,-76.5119,295.12,87,75,3.09
173,Burns Lake,CA,2022-05-16 May:45:51,54.2331,-125.7533,283.83,35,87,5.92
174,Kralendijk,BQ,2022-05-16 May:45:51,12.15,-68.2667,300.14,83,40,8.75
175,Agirish,RU,2022-05-16 May:45:52,61.9247,63.0231,280.15,84,41,1.59
176,Maarianhamina,AX,2022-05-16 May:45:52,60.0973,19.9348,279.07,65,0,3.09
177,Nome,US,2022-05-16 May:45:53,64.5011,-165.4064,279.35,56,0,4.63
178,Pangkalanbuun,ID,2022-05-16 May:45:53,-2.6833,111.6167,299.43,86,95,0.65
179,Bagnols-Sur-Ceze,FR,2022-05-16 May:45:53,44.1599,4.6178,291.84,78,0,0.0
180,Vaitape,PF,2022-05-16 May:43:06,-16.5167,-151.75,299.94,75,87,6.64
181,Vagur,FO,2022-05-16 May:45:54,61.4732,-6.8119,280.87,90,99,11.79
182,Severo-Kurilsk,RU,2022-05-16 May:45:54,50.6789,156.125,277.67,87,64,3.63
183,Iralaya,HN,2022-05-16 May:45:55,15.0,-83.2333,299.64,82,100,1.77
184,Namibe,AO,2022-05-16 May:45:55,-15.1961,12.1522,295.42,61,4,2.81
185,Dana Point,US,2022-05-16 May:46:55,33.467,-117.6981,300.88,74,26,3.13
186,Cairns,AU,2022-05-16 May:44:12,-16.9167,145.7667,300.43,72,0,0.0
187,Hammerfest,NO,2022-05-16 May:46:56,70.6634,23.6821,274.4,80,100,3.6
188,Pisco,PE,2022-05-16 May:46:56,-13.7,-76.2167,293.18,73,0,3.6
189,Sistranda,NO,2022-05-16 May:46:57,63.7256,8.834,275.13,66,14,8.78
190,Portland,US,2022-05-16 May:33:30,45.5234,-122.6762,291.93,56,75,4.12
191,Heishan,CN,2022-05-16 May:46:57,41.6892,122.1128,294.03,29,92,7.28
192,Auki,SB,2022-05-16 May:46:57,-8.7676,160.7034,301.96,72,43,2.2
193,Coihaique,CL,2022-05-16 May:46:58,-45.5752,-72.0662,277.49,93,0,1.54
194,Lavrentiya,RU,2022-05-16 May:46:58,65.5833,-171.0,271.47,68,82,0.88
195,Vilyuysk,RU,2022-05-16 May:46:59,63.7553,121.6247,275.83,87,99,0.25
196,Contai,IN,2022-05-16 May:46:59,21.7786,87.7536,301.71,83,88,8.19
197,Cananea,MX,2022-05-16 May:46:59,30.95,-110.3,301.37,7,21,7.88
198,Zeya,RU,2022-05-16 May:47:00,53.75,127.2667,280.14,43,88,2.78
199,Xingyi,CN,2022-05-16 May:47:00,24.1877,102.817,284.48,94,100,1.06
200,Hofn,IS,2022-05-16 May:47:00,64.2539,-15.2082,281.47,91,10,4.96
201,Ugoofaaru,MV,2022-05-16 May:47:01,5.6667,73.0,301.38,80,98,12.25
202,Tralee,IE,2022-05-16 May:47:01,52.2704,-9.7026,286.21,91,86,9.58
203,Soderhamn,SE,2022-05-16 May:47:01,61.3037,17.0592,277.57,59,25,3.19
204,Valparaiso,CL,2022-05-16 May:47:02,-33.0393,-71.6273,286.19,83,0,2.57
205,Tuy Hoa,VN,2022-05-16 May:47:02,13.0833,109.3,299.39,89,99,1.15
206,Healesville,AU,2022-05-16 May:47:03,-37.65,145.5167,286.78,63,90,2.24
207,Sao Filipe,CV,2022-05-16 May:47:03,14.8961,-24.4956,297.29,76,48,4.89
208,Esperance,AU,2022-05-16 May:47:03,-33.8667,121.9,287.16,67,0,5.99
209,Codrington,AU,2022-05-16 May:47:04,-38.2667,141.9667,283.69,81,100,4.81
210,Isla Vista,US,2022-05-16 May:47:04,34.4133,-119.861,297.93,55,0,4.63
211,Bako,ET,2022-05-16 May:47:05,5.7833,36.5667,291.33,73,64,2.24
212,Dicabisagan,PH,2022-05-16 May:47:05,17.0818,122.4157,301.4,77,98,1.7
213,Nelspruit,ZA,2022-05-16 May:47:05,-25.4745,30.9703,288.31,94,7,0.0
214,Rognan,NO,2022-05-16 May:47:06,67.0953,15.3878,276.51,78,99,1.28
215,Ust-Maya,RU,2022-05-16 May:47:06,60.4167,134.5333,275.5,97,100,1.3
216,Aasiaat,GL,2022-05-16 May:47:07,68.7098,-52.8699,268.25,88,13,3.02
217,Ancud,CL,2022-05-16 May:47:08,-41.8697,-73.8203,281.34,69,42,3.16
218,Bonthe,SL,2022-05-16 May:47:08,7.5264,-12.505,299.48,88,98,1.87
219,Lebu,CL,2022-05-16 May:47:09,-37.6167,-73.65,284.58,71,8,1.38
220,Jacmel,HT,2022-05-16 May:47:09,18.2342,-72.5347,303.06,85,69,4.14
221,Khambhat,IN,2022-05-16 May:47:10,22.3,72.6167,301.91,50,17,3.73
222,Lazaro Cardenas,MX,2022-05-16 May:47:10,17.9583,-102.2,302.03,51,45,4.99
223,Port-Gentil,GA,2022-05-16 May:47:11,-0.7193,8.7815,300.13,89,75,3.09
224,Ulaanbaatar,MN,2022-05-16 May:47:11,47.9077,106.8832,280.22,53,0,1.0
225,Khani,GE,2022-05-16 May:47:11,41.9563,42.9566,278.91,88,28,2.5
226,Benjamin Aceval,PY,2022-05-16 May:47:12,-24.9667,-57.5667,285.23,69,0,2.29
227,Labuhan,ID,2022-05-16 May:47:12,-6.8844,112.2051,299.23,80,99,2.9
228,Harboore,DK,2022-05-16 May:47:13,56.6175,8.1807,284.36,69,98,6.3
229,Minot,US,2022-05-16 May:45:01,48.2325,-101.2963,291.27,45,100,4.63
230,Chapleau,CA,2022-05-16 May:45:22,47.8405,-83.4034,283.2,62,100,2.06
231,Inongo,CD,2022-05-16 May:48:13,-1.95,18.2667,294.44,97,79,2.68
232,Mount Gambier,AU,2022-05-16 May:45:20,-37.8333,140.7667,285.26,72,96,3.88
233,Dongsheng,CN,2022-05-16 May:48:14,39.8161,109.9776,289.77,11,1,9.52
234,Forio,IT,2022-05-16 May:48:14,40.7342,13.8646,292.0,75,8,0.89
235,Port Hedland,AU,2022-05-16 May:47:38,-20.3167,118.5667,295.18,83,75,4.12
236,Aksarka,RU,2022-05-16 May:48:15,66.5606,67.7975,279.58,87,78,2.47
237,Athabasca,CA,2022-05-16 May:48:15,54.7169,-113.2854,292.38,53,95,6.13
238,Zhigansk,RU,2022-05-16 May:48:16,66.7697,123.3711,272.08,85,100,2.39
239,Tupik,RU,2022-05-16 May:48:16,54.4253,119.9327,280.79,51,81,1.88
240,Yulara,AU,2022-05-16 May:48:16,-25.2406,130.9889,291.14,26,93,6.91
241,Longfeng,CN,2022-05-16 May:48:17,46.55,125.1167,291.42,26,78,4.32
242,Klaksvik,FO,2022-05-16 May:48:17,62.2266,-6.589,281.66,85,50,10.63
243,Pringsewu,ID,2022-05-16 May:48:17,-5.3582,104.9744,297.63,91,100,1.81
244,Palmer,US,2022-05-16 May:43:19,42.1584,-72.3287,292.81,84,75,1.54
245,Hami,CN,2022-05-16 May:48:18,42.8,93.45,294.16,27,100,4.5
246,Boddam,GB,2022-05-16 May:48:18,57.4667,-1.7833,282.83,98,100,4.38
247,Suez,EG,2022-05-16 May:48:19,29.9737,32.5263,291.56,68,100,4.39
248,Geraldton,AU,2022-05-16 May:48:19,-28.7667,114.6,285.38,82,0,5.14
249,Asau,RO,2022-05-16 May:48:20,46.4333,26.4,283.86,100,42,1.74
250,Snezhnogorsk,RU,2022-05-16 May:48:20,69.1933,33.2531,274.03,78,100,7.53
251,Kupang,ID,2022-05-16 May:48:21,-10.1667,123.5833,300.44,67,15,2.89
252,Lokoja,NG,2022-05-16 May:48:21,7.8024,6.743,297.71,87,97,1.69
253,Macklin,CA,2022-05-16 May:48:21,52.3334,-109.9348,292.34,48,84,8.54
254,Flinders,AU,2022-05-16 May:48:22,-34.5833,150.8552,291.58,54,0,1.34
255,High Level,CA,2022-05-16 May:48:22,58.5169,-117.136,288.21,41,100,7.2
256,Saint-Pierre,RE,2022-05-16 May:48:23,-21.3393,55.4781,294.97,78,100,4.12
257,Manta,EC,2022-05-16 May:48:23,-0.95,-80.7333,300.03,74,75,5.14
258,Port Lincoln,AU,2022-05-16 May:43:58,-34.7333,135.8667,288.38,64,94,2.95
259,Tasiilaq,GL,2022-05-16 May:48:23,65.6145,-37.6368,276.24,99,100,2.59
260,Atuona,PF,2022-05-16 May:48:24,-9.8,-139.0333,299.33,68,7,7.02
261,Namtsy,RU,2022-05-16 May:48:24,62.7161,129.6658,276.71,85,100,2.83
262,Lake Charles,US,2022-05-16 May:48:25,30.2131,-93.2044,305.14,48,0,2.06
263,Emba,KZ,2022-05-16 May:48:25,48.8264,58.1442,283.95,86,53,3.68
264,Pestravka,RU,2022-05-16 May:48:25,52.405,49.9583,281.08,94,30,4.65
265,Ust-Kuyga,RU,2022-05-16 May:48:30,70.0167,135.6,271.15,89,100,0.35
266,Manggar,ID,2022-05-16 May:48:30,-2.8833,108.2667,300.06,84,100,1.58
267,Bubaque,GW,2022-05-16 May:48:31,11.2833,-15.8333,299.55,84,99,5.02
268,Nova Gradiska,HR,2022-05-16 May:48:31,45.255,17.3831,292.09,92,99,1.22
269,Talaya,RU,2022-05-16 May:48:32,61.3833,152.75,277.24,67,25,4.51
270,Auckland,NZ,2022-05-16 May:43:45,-36.8667,174.7667,294.1,86,40,6.17
271,Aljezur,PT,2022-05-16 May:48:32,37.3191,-8.8033,289.52,91,0,1.14
272,Christchurch,NZ,2022-05-16 May:44:09,-43.5333,172.6333,288.94,89,67,1.03
273,Wajima,JP,2022-05-16 May:48:32,37.4,136.9,290.53,55,0,0.51
274,Mar Del Plata,AR,2022-05-16 May:44:05,-38.0023,-57.5575,286.45,81,100,7.2
275,Gabu,GW,2022-05-16 May:49:33,12.2833,-14.2167,299.88,73,96,3.94
276,Beringovskiy,RU,2022-05-16 May:49:33,63.05,179.3167,276.37,78,38,1.63
277,Avera,US,2022-05-16 May:49:34,33.194,-82.5271,303.18,55,70,3.98
278,Chivay,PE,2022-05-16 May:49:34,-15.6383,-71.6011,281.85,46,58,2.84
279,Ustye,RU,2022-05-16 May:49:34,59.6304,39.736,278.59,96,95,3.25
280,Saint-Philippe,RE,2022-05-16 May:49:35,-21.3585,55.7679,294.92,84,70,5.61
281,Wisconsin Rapids,US,2022-05-16 May:49:35,44.3836,-89.8174,294.11,28,0,7.72
282,Lompoc,US,2022-05-16 May:49:35,34.6391,-120.4579,295.2,73,100,9.26
283,Bone,DE,2022-05-16 May:49:36,51.9669,12.1396,290.29,80,100,3.88
284,Glendive,US,2022-05-16 May:49:36,47.1053,-104.7125,298.42,36,100,5.81
285,Aleksandrovsk-Sakhalinskiy,RU,2022-05-16 May:49:36,50.8975,142.1561,281.99,74,49,6.1
286,Hasaki,JP,2022-05-16 May:49:37,35.7333,140.8333,290.53,84,100,7.63
287,Inirida,CO,2022-05-16 May:49:37,3.8653,-67.9239,296.42,99,99,0.62
288,Touros,BR,2022-05-16 May:49:38,-5.1989,-35.4608,299.16,87,76,4.04
289,Dubai,AE,2022-05-16 May:45:22,25.2582,55.3047,301.11,54,0,2.57
290,Sechura,PE,2022-05-16 May:49:38,-5.5569,-80.8222,293.69,75,46,6.22
291,Bambanglipuro,ID,2022-05-16 May:49:39,-7.95,110.2833,298.73,85,71,1.72
292,Teguise,ES,2022-05-16 May:47:25,29.0605,-13.564,291.27,77,20,5.66
293,Setaka,JP,2022-05-16 May:49:39,33.15,130.4667,292.65,53,0,1.54
294,Isangel,VU,2022-05-16 May:49:40,-19.55,169.2667,299.61,71,46,6.96
295,Amahai,ID,2022-05-16 May:49:40,-3.3333,128.9167,301.27,77,51,0.79
296,Ankara,TR,2022-05-16 May:49:40,39.9199,32.8543,286.6,80,40,1.54
297,Myitkyina,MM,2022-05-16 May:49:41,25.3833,97.4,295.26,97,94,0.56
298,Rome,US,2022-05-16 May:42:20,34.257,-85.1647,302.13,30,0,5.14
299,Gisborne,NZ,2022-05-16 May:49:41,-38.6533,178.0042,293.72,71,54,4.15
300,Temozon,MX,2022-05-16 May:49:42,20.8,-88.2167,301.69,44,0,3.5
301,Litovko,RU,2022-05-16 May:49:42,49.2361,135.1742,284.49,38,100,2.1
302,Kerema,PG,2022-05-16 May:49:43,-7.9631,145.7785,301.26,74,25,1.95
303,Pasco,US,2022-05-16 May:49:43,28.292,-82.4165,301.64,66,2,1.79
304,Thompson,CA,2022-05-16 May:49:43,55.7435,-97.8558,284.24,32,20,5.14
305,Kaili,ID,2022-05-16 May:49:44,-3.4626,120.2147,294.97,92,100,1.15
306,Burnie,AU,2022-05-16 May:49:44,-41.0667,145.9167,285.34,70,37,6.83
307,Curillo,CO,2022-05-16 May:49:44,1.0333,-75.9191,294.74,98,97,0.44
308,Senador Jose Porfirio,BR,2022-05-16 May:49:45,-2.5908,-51.9542,297.49,95,99,1.25
309,Calabar,NG,2022-05-16 May:49:45,4.9517,8.322,297.39,96,100,1.79
310,Kampot,KH,2022-05-16 May:49:46,10.6167,104.1833,298.18,84,98,0.96
311,San Cristobal,VE,2022-05-16 May:49:46,7.7669,-72.225,298.25,88,84,1.49
312,Tiksi,RU,2022-05-16 May:49:46,71.6872,128.8694,269.17,93,100,7.03
313,Comodoro Rivadavia,AR,2022-05-16 May:49:47,-45.8667,-67.5,282.07,53,0,3.6
314,Seymchan,RU,2022-05-16 May:49:47,62.8833,152.4333,280.36,58,10,3.2
315,Upernavik,GL,2022-05-16 May:49:48,72.7868,-56.1549,264.67,89,63,4.17
316,Presidencia Roque Saenz Pena,AR,2022-05-16 May:49:48,-26.7852,-60.4388,281.91,52,0,2.61
317,Wilson,US,2022-05-16 May:49:49,36.1501,-86.2833,298.81,49,0,3.09
318,Turayf,SA,2022-05-16 May:49:49,31.6725,38.6637,292.29,52,0,2.06
319,Bonavista,CA,2022-05-16 May:49:49,48.6499,-53.1147,276.34,91,94,5.39
320,Vershino-Darasunskiy,RU,2022-05-16 May:49:50,52.35,115.5167,285.28,31,92,1.83
321,Port Hardy,CA,2022-05-16 May:50:50,50.6996,-127.4199,285.25,62,100,5.66
322,Grafton,US,2022-05-16 May:50:51,42.207,-71.6856,295.29,82,100,6.17
323,Aksu,CN,2022-05-16 May:50:51,41.1231,80.2644,290.53,43,20,1.92
324,Biak,ID,2022-05-16 May:50:52,-0.9131,122.8766,299.86,79,93,0.59
325,Bagdarin,RU,2022-05-16 May:50:52,54.4333,113.6,287.01,34,59,3.79
326,Alfreton,GB,2022-05-16 May:50:52,53.0961,-1.3883,286.54,88,88,0.45
327,Gold Coast,AU,2022-05-16 May:47:26,-28.0,153.4333,298.19,86,7,4.12
328,Blagoveshchenka,RU,2022-05-16 May:50:53,52.8333,79.8667,289.53,57,26,4.16
329,Osakarovka,KZ,2022-05-16 May:50:53,50.565,72.5692,286.71,46,39,5.03
330,Yavoriv,UA,2022-05-16 May:50:54,49.9386,23.3825,283.53,72,59,1.78
331,Souillac,MU,2022-05-16 May:50:54,-20.5167,57.5167,297.36,73,75,5.14
332,Araouane,ML,2022-05-16 May:50:54,18.9048,-3.5265,304.39,8,1,4.67
333,Sangar,RU,2022-05-16 May:50:55,63.9242,127.4739,274.94,96,100,1.79
334,Albacete,ES,2022-05-16 May:50:55,38.8333,-2.0,291.59,77,0,2.06
335,Dehloran,IR,2022-05-16 May:50:56,32.6941,47.2679,297.91,24,0,3.41
336,Ust-Tsilma,RU,2022-05-16 May:50:56,65.441,52.1498,275.26,94,100,3.08
337,Waddan,LY,2022-05-16 May:50:57,29.1614,16.139,298.01,19,55,3.13
338,Svetlaya,RU,2022-05-16 May:50:57,46.5389,138.3297,284.53,64,56,3.15
339,Hovd,MN,2022-05-16 May:50:57,48.0056,91.6419,286.61,45,90,2.29
340,Mandalgovi,MN,2022-05-16 May:50:58,45.7625,106.2708,286.81,29,16,5.09
341,Voh,NC,2022-05-16 May:50:58,-20.9667,164.7,301.79,58,67,1.81
342,Cayenne,GF,2022-05-16 May:50:58,4.9333,-52.3333,297.64,1,20,0.0
343,Fare,PF,2022-05-16 May:50:59,-16.7,-151.0167,300.84,69,31,6.24
344,Gurlan,UZ,2022-05-16 May:50:59,41.8447,60.3919,293.19,22,56,1.01
345,Wasilla,US,2022-05-16 May:51:00,61.5814,-149.4394,287.68,35,20,4.63
346,Gotsu,JP,2022-05-16 May:51:00,35.0,132.2167,291.66,45,100,2.53
347,Zemio,CF,2022-05-16 May:51:00,5.0314,25.1361,294.18,90,95,0.21
348,Cuicatlan,MX,2022-05-16 May:51:01,17.8,-96.9667,304.86,22,1,3.59
349,Balaipungut,ID,2022-05-16 May:51:01,1.05,101.2833,296.74,87,98,0.8
350,Yumen,CN,2022-05-16 May:51:02,40.2833,97.2,288.13,8,100,2.6
351,Manchenky,UA,2022-05-16 May:51:02,49.9798,35.8583,278.18,87,17,3.59
352,Guerrero Negro,MX,2022-05-16 May:47:08,27.9769,-114.0611,291.77,69,13,9.87
353,Tema,GH,2022-05-16 May:51:03,5.667,-0.0166,301.38,83,0,2.06
354,Broome,US,2022-05-16 May:51:03,42.2506,-75.833,287.97,89,100,4.12
355,Eenhana,NA,2022-05-16 May:51:03,-17.4667,16.3333,289.3,39,78,3.71
356,Mnogovershinnyy,RU,2022-05-16 May:51:04,53.9353,139.9242,279.42,78,100,2.02
357,Guadalupe Y Calvo,MX,2022-05-16 May:51:04,26.1,-106.9667,295.07,31,92,3.35
358,Hualmay,PE,2022-05-16 May:51:04,-11.0964,-77.6139,290.72,88,89,2.57
359,Dudinka,RU,2022-05-16 May:51:05,69.4058,86.1778,275.72,100,100,3.89
360,Eureka,US,2022-05-16 May:51:05,40.8021,-124.1637,290.19,74,64,4.02
361,Lasa,IT,2022-05-16 May:51:06,46.6166,10.7002,287.64,93,98,2.74
362,Magistralnyy,RU,2022-05-16 May:51:06,56.1725,107.4458,287.62,68,99,3.04
363,Kulhudhuffushi,MV,2022-05-16 May:51:07,6.6221,73.07,301.2,81,100,12.72
364,Pedasi,PA,2022-05-16 May:51:07,7.5333,-80.0333,297.08,83,100,0.21
365,Jaisalmer,IN,2022-05-16 May:51:07,26.9147,70.9181,300.03,43,0,8.3
366,Kisangani,CD,2022-05-16 May:51:08,0.5167,25.2,294.35,98,100,0.81
367,Iskateley,RU,2022-05-16 May:51:08,67.6803,53.1512,274.28,84,100,5.59
368,Darhan,MN,2022-05-16 May:52:08,49.4867,105.9228,289.55,35,46,1.79
369,Kota Tinggi,MY,2022-05-16 May:52:09,1.7381,103.8999,299.12,92,98,1.13
370,Amalapuram,IN,2022-05-16 May:52:09,16.5833,82.0167,300.42,88,86,0.56
371,Ribeira Brava,PT,2022-05-16 May:52:10,32.65,-17.0667,293.55,82,18,2.72
372,Serenje,ZM,2022-05-16 May:52:10,-13.2325,30.2352,283.65,91,0,3.02
373,Ratnagiri,IN,2022-05-16 May:52:11,16.9833,73.3,301.29,76,100,3.55
374,San Luis,AR,2022-05-16 May:51:05,-33.295,-66.3356,278.89,37,0,4.3
375,Ixtapa,MX,2022-05-16 May:52:11,20.7,-105.2,300.96,54,100,2.09
376,Shakiso,ET,2022-05-16 May:52:12,5.75,38.9167,286.28,98,54,0.83
377,Shubarkuduk,KZ,2022-05-16 May:52:12,49.1447,56.4872,282.98,88,36,3.4
378,Moroni,KM,2022-05-16 May:52:12,-11.7022,43.2551,298.17,78,5,4.44
379,Poum,NC,2022-05-16 May:52:13,-20.2333,164.0167,298.87,72,67,3.7
380,Ilulissat,GL,2022-05-16 May:52:13,69.2167,-51.1,266.05,91,10,2.11
381,Palafrugell,ES,2022-05-16 May:52:14,41.9174,3.1631,291.16,54,85,0.45
382,Porosozero,RU,2022-05-16 May:52:14,62.7191,32.727,274.61,97,100,3.61
383,Iqaluit,CA,2022-05-16 May:52:14,63.7506,-68.5145,270.0,79,75,6.17
384,Goma,CD,2022-05-16 May:52:15,-1.6792,29.2228,289.3,90,52,1.33
385,Buraydah,SA,2022-05-16 May:52:15,26.326,43.975,301.4,25,0,4.22
386,Lakes Entrance,AU,2022-05-16 May:52:16,-37.8811,147.981,286.02,57,7,6.87
387,Abnub,EG,2022-05-16 May:52:16,27.2696,31.1511,294.27,31,100,5.52
388,Smithers,CA,2022-05-16 May:52:16,54.7804,-127.1743,284.33,28,75,4.63
389,Droitwich,GB,2022-05-16 May:52:17,52.2667,-2.15,287.12,92,99,2.84
390,Lamu,KE,2022-05-16 May:52:17,-2.2717,40.902,298.27,82,10,6.26
391,Akhmeta,GE,2022-05-16 May:52:17,42.0311,45.2075,284.44,77,48,2.51
392,Atbasar,KZ,2022-05-16 May:52:18,51.8,68.3333,286.41,66,60,3.85
393,Suicheng,CN,2022-05-16 May:52:18,33.8963,117.9331,295.36,39,0,6.07
394,Olafsvik,IS,2022-05-16 May:52:19,64.8945,-23.7142,283.05,75,52,3.71
395,Kavieng,PG,2022-05-16 May:52:19,-2.5744,150.7967,302.01,68,27,3.31
396,Talpa,MX,2022-05-16 May:52:19,28.8257,-111.6257,309.35,19,54,3.13
397,Cardston,CA,2022-05-16 May:52:20,49.2,-113.3019,293.31,22,100,5.66
398,Calama,CL,2022-05-16 May:52:20,-22.4667,-68.9333,288.42,12,0,3.09
399,Porto Novo,BJ,2022-05-16 May:52:21,6.4965,2.6036,302.05,90,86,2.7
400,Mabaruma,GY,2022-05-16 May:52:21,8.2,-59.7833,297.24,95,92,1.27
401,Kondopoga,RU,2022-05-16 May:52:21,62.2057,34.2614,277.98,80,100,3.75
402,Gamba,GA,2022-05-16 May:52:22,-2.65,10.0,298.57,92,83,0.95
403,Nuuk,GL,2022-05-16 May:49:36,64.1835,-51.7216,274.49,80,0,5.14
404,Cam Ranh,VN,2022-05-16 May:52:22,11.9214,109.1591,300.13,83,20,1.03
405,Balkanabat,TM,2022-05-16 May:52:22,39.5108,54.3671,297.02,40,86,1.0
406,Saint-Georges,GD,2022-05-16 May:50:29,12.0564,-61.7485,300.97,78,20,7.2
407,Kirovskiy,RU,2022-05-16 May:52:23,45.0917,133.5136,288.28,49,0,2.66
408,Aswan,EG,2022-05-16 May:52:23,24.0934,32.907,301.76,12,0,5.14
409,Kirakira,SB,2022-05-16 May:52:24,-10.4544,161.9205,302.96,66,83,1.42
410,Caravelas,BR,2022-05-16 May:52:24,-17.7125,-39.2481,297.62,87,26,3.29
411,Nikologory,RU,2022-05-16 May:52:24,56.1413,41.9922,279.03,95,99,4.43
412,Wuzhou,CN,2022-05-16 May:52:25,23.4833,111.3167,291.7,80,6,0.92
413,Norman Wells,CA,2022-05-16 May:52:25,65.282,-126.8329,288.17,38,20,2.06
414,Mandera,KE,2022-05-16 May:53:26,3.9366,41.867,298.28,73,36,5.97
415,Mendoza,AR,2022-05-16 May:53:26,-32.8908,-68.8272,281.6,49,0,1.15
416,Nishihara,JP,2022-05-16 May:53:26,26.1842,127.7558,292.75,97,100,5.14
417,Petropavlovsk-Kamchatskiy,RU,2022-05-16 May:53:27,53.0452,158.6483,280.48,66,75,1.0
418,Doha,QA,2022-05-16 May:53:27,25.2867,51.5333,303.14,21,0,1.03
419,Moron,AR,2022-05-16 May:53:28,-34.6534,-58.6198,285.01,59,47,6.74
420,Milkovo,RU,2022-05-16 May:53:28,54.7167,158.6167,279.19,69,95,0.83
421,Nabire,ID,2022-05-16 May:53:28,-3.3667,135.4833,300.89,73,19,0.75
422,Kuytun,RU,2022-05-16 May:53:29,54.3419,101.5036,288.62,62,58,3.77
423,Zheleznodorozhnyy,RU,2022-05-16 May:53:29,55.7503,38.0042,281.38,93,100,5.5
424,Atar,MR,2022-05-16 May:53:29,20.5169,-13.0499,306.85,13,100,4.14
425,Kiunga,PG,2022-05-16 May:53:30,-6.1219,141.2906,296.99,99,98,0.34
426,Shuiji,CN,2022-05-16 May:53:30,27.4214,118.345,290.29,78,31,0.87
427,Huarmey,PE,2022-05-16 May:53:31,-10.0681,-78.1522,291.73,83,65,2.87
428,Bloemfontein,ZA,2022-05-16 May:48:32,-29.1211,26.214,276.86,93,0,1.03
429,Cheyenne,US,2022-05-16 May:50:59,41.14,-104.8203,297.33,18,0,2.57
430,Ifakara,TZ,2022-05-16 May:53:31,-8.1333,36.6833,295.28,72,92,1.49
431,Alice Town,BS,2022-05-16 May:53:31,25.7167,-79.3,299.57,69,20,1.89
432,Malakal,SS,2022-05-16 May:53:32,9.5334,31.6605,300.5,59,60,1.58
433,Axim,GH,2022-05-16 May:53:32,4.8699,-2.2405,299.88,85,97,2.4
434,Mattru,SL,2022-05-16 May:53:33,7.6244,-11.8332,297.8,96,83,1.2
435,Golden,US,2022-05-16 May:53:33,39.7555,-105.2211,299.39,26,100,1.79
436,Theog,IN,2022-05-16 May:53:33,31.1167,77.35,287.87,38,42,2.4
437,Barcelos,PT,2022-05-16 May:49:07,41.5388,-8.6151,291.23,92,47,3.08
438,College,US,2022-05-16 May:53:34,64.8569,-147.8028,283.71,60,75,0.51
439,Malinovoye Ozero,RU,2022-05-16 May:53:34,51.6753,79.7825,290.36,47,18,2.76
440,Chute-Aux-Outardes,CA,2022-05-16 May:53:34,49.1168,-68.399,280.14,93,100,7.2
441,Adrar,MR,2022-05-16 May:53:35,20.5022,-10.0711,304.15,12,98,6.13
442,Kieta,PG,2022-05-16 May:53:35,-6.2167,155.6333,302.58,67,78,1.16
443,Constitucion,CL,2022-05-16 May:53:36,-35.3333,-72.4167,285.06,77,1,1.02
444,Coquimbo,CL,2022-05-16 May:48:52,-29.9533,-71.3436,286.0,82,20,2.57
445,Pyinmana,MM,2022-05-16 May:53:36,19.7333,96.2167,298.95,87,97,2.24
446,Mahon,ES,2022-05-16 May:53:36,39.8885,4.2658,292.46,94,100,2.06
447,Kahului,US,2022-05-16 May:53:37,20.8947,-156.47,304.16,40,40,7.72
448,Marau,BR,2022-05-16 May:52:47,-28.4492,-52.2,280.75,83,53,4.18
449,Hwange,ZW,2022-05-16 May:53:37,-18.3693,26.5019,287.97,60,0,1.72
450,Bengkulu,ID,2022-05-16 May:53:38,-3.8004,102.2655,297.8,89,100,1.83
451,Bemidji,US,2022-05-16 May:52:08,47.4736,-94.8803,288.02,51,75,4.63
452,Tongchuan,CN,2022-05-16 May:53:38,35.0806,109.0897,291.43,28,2,0.73
453,Duluth,US,2022-05-16 May:48:55,46.7833,-92.1066,290.47,41,20,6.17
454,Haapiti,PF,2022-05-16 May:53:38,-17.5667,-149.8667,303.0,69,47,7.32
455,Uige,AO,2022-05-16 May:53:39,-7.6087,15.0613,293.82,73,90,1.36
456,Puerto El Triunfo,SV,2022-05-16 May:53:39,13.2833,-88.55,302.11,71,88,2.73
457,Vieques,PR,2022-05-16 May:53:40,18.425,-65.8329,301.17,85,51,4.74
458,Nalut,LY,2022-05-16 May:53:40,30.3333,10.85,297.97,23,45,5.12
459,Guanica,PR,2022-05-16 May:53:41,17.9716,-66.908,301.21,79,57,4.65
460,Ostrovnoy,RU,2022-05-16 May:53:41,68.0531,39.5131,275.37,90,100,8.25
461,Vanavara,RU,2022-05-16 May:53:42,60.34,102.2797,288.22,56,99,3.61
462,Mareeba,AU,2022-05-16 May:54:42,-17.0,145.4333,298.42,72,0,0.8
463,Vao,NC,2022-05-16 May:54:43,-22.6667,167.4833,296.92,76,11,6.66
464,Urumqi,CN,2022-05-16 May:46:03,43.801,87.6005,288.68,51,0,1.0
465,Yambio,SS,2022-05-16 May:54:43,4.5721,28.3955,292.69,97,47,1.38
466,Yerofey Pavlovich,RU,2022-05-16 May:54:43,53.9667,121.9667,281.54,37,56,2.13
467,Vanimo,PG,2022-05-16 May:54:44,-2.6741,141.3028,301.8,74,25,2.44
468,Kirkuk,IQ,2022-05-16 May:54:44,35.4681,44.3922,293.94,44,79,0.3
469,Strelka,RU,2022-05-16 May:54:44,58.0728,93.0344,288.34,62,61,0.73
470,Porangatu,BR,2022-05-16 May:54:45,-13.4408,-49.1486,300.02,53,64,2.21
471,Alekseyevka,RU,2022-05-16 May:54:45,50.6309,38.6903,279.0,86,50,5.02
472,Tura,IN,2022-05-16 May:54:46,25.5198,90.2201,295.82,99,87,1.55
473,Puerto Del Rosario,ES,2022-05-16 May:54:46,28.5004,-13.8627,293.01,77,0,4.12
474,Verkhnyaya Inta,RU,2022-05-16 May:54:46,65.9811,60.3094,274.66,99,100,4.0
475,Lahijan,IR,2022-05-16 May:54:47,37.2061,50.0029,289.03,76,32,1.08
476,Coxim,BR,2022-05-16 May:51:52,-18.5067,-54.76,292.79,55,96,2.37
477,Griffith,US,2022-05-16 May:54:47,41.5284,-87.4237,297.12,32,40,7.72
478,Esik,KZ,2022-05-16 May:54:48,43.3552,77.4525,282.83,44,60,4.0
479,Mwene-Ditu,CD,2022-05-16 May:54:48,-7.0,23.45,295.43,64,79,1.43
480,Bose,IT,2022-05-16 May:54:48,45.4612,8.0137,290.92,79,9,2.66
481,Novoseleznevo,RU,2022-05-16 May:54:49,55.6821,69.2056,284.45,75,6,6.21
482,Aklavik,CA,2022-05-16 May:54:49,68.2191,-135.0107,273.47,84,59,5.91
483,Srednekolymsk,RU,2022-05-16 May:54:50,67.45,153.6833,279.48,78,66,1.62
484,Silver City,US,2022-05-16 May:54:50,32.7701,-108.2803,305.13,5,0,6.17
485,Tarakan,ID,2022-05-16 May:54:50,3.3,117.6333,298.87,89,40,2.06
486,Mircea Voda,RO,2022-05-16 May:54:51,44.2833,28.1667,288.5,80,50,2.29
487,Kapuskasing,CA,2022-05-16 May:54:51,49.4169,-82.4331,285.15,66,100,8.23
488,Guerande,FR,2022-05-16 May:54:51,47.3291,-2.4283,286.68,84,32,3.13
489,Richards Bay,ZA,2022-05-16 May:54:52,-28.783,32.0377,292.38,87,17,2.56
490,San Andres,CO,2022-05-16 May:54:52,12.5847,-81.7006,300.16,94,75,4.12
491,Parlakimidi,IN,2022-05-16 May:54:53,18.7667,84.0833,300.45,88,58,0.89
492,Culebra,PR,2022-05-16 May:54:53,18.303,-65.301,301.17,95,58,4.47
493,Amalfi,CO,2022-05-16 May:54:53,6.9102,-75.0776,290.5,99,100,0.36
494,Quatre Cocos,MU,2022-05-16 May:54:54,-20.2078,57.7625,297.21,70,97,6.24
495,Pokhara,NP,2022-05-16 May:44:56,28.2333,83.9833,294.72,50,0,2.68
496,El Alto,PE,2022-05-16 May:54:54,-4.2714,-81.2147,293.96,80,65,6.7
497,Yarim,YE,2022-05-16 May:54:55,14.298,44.3779,286.08,13,1,1.38
498,Kuju,IN,2022-05-16 May:54:55,23.7167,85.5,303.56,42,83,1.51
499,Urengoy,RU,2022-05-16 May:54:55,65.9667,78.3667,282.85,81,39,2.85
500,Laguna,US,2022-05-16 May:54:56,38.421,-121.4238,303.01,40,0,4.12
501,Tete,MZ,2022-05-16 May:54:56,-16.1564,33.5867,294.2,83,40,3.6
502,Pontes E Lacerda,BR,2022-05-16 May:51:06,-15.2261,-59.3353,292.72,51,51,3.47
503,Cao Bang,VN,2022-05-16 May:54:24,22.6667,106.25,293.34,79,89,0.44
504,Kaitangata,NZ,2022-05-16 May:54:57,-46.2817,169.8464,286.98,69,100,0.99
505,Bilma,NE,2022-05-16 May:54:57,18.6853,12.9164,301.29,12,0,4.14
506,Belaya Gora,RU,2022-05-16 May:54:57,68.5333,146.4167,271.92,93,100,0.97
507,Singkang,MY,2022-05-16 May:54:58,2.1006,102.7994,297.12,92,88,0.94
508,Udala,ES,2022-05-16 May:55:58,43.0778,-2.5125,290.08,92,9,2.24
509,Praia Da Vitoria,PT,2022-05-16 May:55:58,38.7333,-27.0667,287.46,71,20,8.57
510,Jhol,PK,2022-05-16 May:55:59,25.9551,68.8882,301.58,58,0,6.9
511,Jacala,MX,2022-05-16 May:55:59,21.0167,-99.1833,298.54,29,8,3.86
512,Laureles,US,2022-05-16 May:56:00,26.1092,-97.4941,304.32,66,0,5.36
513,Gympie,AU,2022-05-16 May:56:00,-26.1898,152.665,296.58,74,3,1.53
514,Saint Anthony,US,2022-05-16 May:55:50,45.0205,-93.218,293.18,36,59,2.68
515,Ambilobe,MG,2022-05-16 May:56:00,-13.2,49.05,293.61,92,32,1.39
516,Itaituba,BR,2022-05-16 May:56:01,-4.2761,-55.9836,297.34,98,100,0.34
517,Matara,LK,2022-05-16 May:56:01,5.9485,80.5353,299.16,89,75,5.81
518,Puerto Penasco,MX,2022-05-16 May:56:01,31.3167,-113.5333,297.54,84,0,3.13
519,Paracuru,BR,2022-05-16 May:54:49,-3.41,-39.0306,300.99,89,51,3.93
520,Bontang,ID,2022-05-16 May:56:02,0.1333,117.5,297.96,94,100,4.01
521,West Wendover,US,2022-05-16 May:56:02,40.7391,-114.0733,295.71,31,100,4.12
522,Cockburn Town,TC,2022-05-16 May:56:03,21.4612,-71.1419,300.13,74,40,9.26
523,Sandwick,GB,2022-05-16 May:56:03,60.0,-1.25,282.05,100,40,5.14
524,Puerto Narino,CO,2022-05-16 May:56:03,-3.7703,-70.3831,295.93,97,100,0.88
525,Fildu De Jos,RO,2022-05-16 May:56:04,46.9333,23.0667,284.59,83,37,2.18
526,Sao Joao Da Barra,BR,2022-05-16 May:54:28,-21.6403,-41.0511,293.8,94,73,2.56
527,Morehead,US,2022-05-16 May:56:04,37.2711,-87.1764,298.01,33,0,1.54
528,Lagoa,PT,2022-05-16 May:56:05,39.05,-27.9833,287.16,60,21,12.28
529,Marsa Matruh,EG,2022-05-16 May:56:05,31.3525,27.2453,291.26,88,0,3.09
530,Sijunjung,ID,2022-05-16 May:56:05,-0.6876,100.9537,295.97,87,100,0.83
531,Truth Or Consequences,US,2022-05-16 May:56:06,33.1284,-107.2528,308.1,2,1,9.93
532,Piranhas,BR,2022-05-16 May:56:06,-16.4269,-51.8222,293.86,84,69,3.7
533,Matamoros,MX,2022-05-16 May:56:06,25.5333,-103.25,308.68,6,23,6.37
534,Abrau-Dyurso,RU,2022-05-16 May:56:07,44.69,37.59,284.85,84,51,2.87
535,Deputatskiy,RU,2022-05-16 May:56:07,69.3,139.9,268.67,87,97,0.5
536,Te Anau,NZ,2022-05-16 May:56:08,-45.4167,167.7167,286.09,77,98,2.26
537,Nanlong,CN,2022-05-16 May:56:08,31.3533,106.0631,291.6,71,100,0.92
538,Arima,TT,2022-05-16 May:55:32,10.6333,-61.2833,300.23,85,75,4.63
539,Hobbs,US,2022-05-16 May:56:08,32.7026,-103.136,307.41,10,0,3.09
540,Altay,CN,2022-05-16 May:56:09,47.8667,88.1167,285.7,59,5,1.78
541,Maniitsoq,GL,2022-05-16 May:56:09,65.4167,-52.9,273.44,76,2,4.17
542,Pangai,TO,2022-05-16 May:56:10,-19.8,-174.35,299.21,53,20,5.14
543,Port Blair,IN,2022-05-16 May:56:10,11.6667,92.75,299.17,94,75,1.54
544,Tezu,IN,2022-05-16 May:56:10,27.9167,96.1667,294.96,97,99,1.43
545,Santa Cruz De La Palma,ES,2022-05-16 May:56:11,28.6835,-17.7642,293.23,73,75,2.06
546,Sinnamary,GF,2022-05-16 May:56:11,5.3833,-52.95,299.03,91,95,5.23
547,Olga,RU,2022-05-16 May:56:11,43.7444,135.2892,288.85,58,58,0.75
548,Moranbah,AU,2022-05-16 May:56:12,-22.0016,148.0466,295.84,73,97,7.44
549,Whitehorse,CA,2022-05-16 May:56:12,60.7161,-135.0538,282.58,66,100,1.54
550,Nouadhibou,MR,2022-05-16 May:56:12,20.931,-17.0347,299.14,38,100,9.77
551,Yarmouth,US,2022-05-16 May:56:13,41.7057,-70.2286,290.51,95,100,3.6
552,Saint-Francois,FR,2022-05-16 May:56:13,46.4154,3.9054,289.08,88,0,1.03
553,Marovoay,MG,2022-05-16 May:56:14,-16.1,46.6333,293.12,74,0,1.77
554,Camacupa,AO,2022-05-16 May:56:14,-12.0167,17.4833,287.24,59,15,1.36
555,Luganville,VU,2022-05-16 May:56:14,-15.5333,167.1667,300.16,80,75,4.93
556,Collie,AU,2022-05-16 May:57:15,-33.3667,116.15,284.76,66,0,2.69
557,Russell,US,2022-05-16 May:53:53,32.3502,-85.1999,303.68,45,0,4.12
558,Northam,GB,2022-05-16 May:57:15,51.0333,-4.2167,286.27,89,82,5.61
559,Hokitika,NZ,2022-05-16 May:57:16,-42.7167,170.9667,288.56,76,91,0.78
560,Baruun-Urt,MN,2022-05-16 May:57:16,46.6806,113.2792,287.96,30,76,7.32
561,Andros Town,BS,2022-05-16 May:57:16,24.7,-77.7667,298.13,70,88,2.09
562,Zenzeli,RU,2022-05-16 May:57:17,45.9241,47.0474,286.77,70,11,4.09
563,Kungurtug,RU,2022-05-16 May:57:17,50.5994,97.5228,284.67,69,99,0.45
564,Erzin,TR,2022-05-16 May:57:17,36.9559,36.2,289.47,86,5,0.58
565,Surt,LY,2022-05-16 May:57:18,31.2089,16.5887,296.9,35,56,3.93
566,Maraa,BR,2022-05-16 May:57:18,-1.8333,-65.3667,296.6,99,97,0.8
567,Kaniama,CD,2022-05-16 May:57:19,-7.5667,24.1833,295.72,60,90,2.1
568,Novikovo,RU,2022-05-16 May:57:19,51.1537,37.8879,278.79,82,36,4.86
569,Baykit,RU,2022-05-16 May:57:19,61.67,96.37,285.31,75,16,1.43
570,Lambarene,GA,2022-05-16 May:57:20,-0.7001,10.2406,297.12,98,100,0.78
571,Savannah Bight,HN,2022-05-16 May:57:20,16.45,-85.85,300.89,72,61,4.06
572,Ekhabi,RU,2022-05-16 May:57:20,53.5102,142.9671,276.71,95,94,2.81
573,Ossora,RU,2022-05-16 May:57:21,59.2353,163.0719,274.14,100,100,0.58
574,Remontnoye,RU,2022-05-16 May:57:21,46.5614,43.6501,284.94,80,61,3.59
575,Padang,ID,2022-05-16 May:57:22,-0.9492,100.3543,296.18,76,100,1.57
576,Tahoua,NE,2022-05-16 May:57:22,14.8888,5.2692,303.5,12,2,3.94
577,Asosa,ET,2022-05-16 May:57:22,10.0667,34.5333,290.53,79,41,1.62
578,Margate,GB,2022-05-16 May:57:23,51.3813,1.3862,287.76,82,100,0.45
579,Yeniseysk,RU,2022-05-16 May:57:23,58.4497,92.1703,288.01,63,87,0.44
